[{"model": "auth.permission", "pk": 1, "fields": {"name": "Can add log entry", "content_type": 1, "codename": "add_logentry"}}, {"model": "auth.permission", "pk": 2, "fields": {"name": "Can change log entry", "content_type": 1, "codename": "change_logentry"}}, {"model": "auth.permission", "pk": 3, "fields": {"name": "Can delete log entry", "content_type": 1, "codename": "delete_logentry"}}, {"model": "auth.permission", "pk": 4, "fields": {"name": "Can view log entry", "content_type": 1, "codename": "view_logentry"}}, {"model": "auth.permission", "pk": 5, "fields": {"name": "Can add permission", "content_type": 2, "codename": "add_permission"}}, {"model": "auth.permission", "pk": 6, "fields": {"name": "Can change permission", "content_type": 2, "codename": "change_permission"}}, {"model": "auth.permission", "pk": 7, "fields": {"name": "Can delete permission", "content_type": 2, "codename": "delete_permission"}}, {"model": "auth.permission", "pk": 8, "fields": {"name": "Can view permission", "content_type": 2, "codename": "view_permission"}}, {"model": "auth.permission", "pk": 9, "fields": {"name": "Can add group", "content_type": 3, "codename": "add_group"}}, {"model": "auth.permission", "pk": 10, "fields": {"name": "Can change group", "content_type": 3, "codename": "change_group"}}, {"model": "auth.permission", "pk": 11, "fields": {"name": "Can delete group", "content_type": 3, "codename": "delete_group"}}, {"model": "auth.permission", "pk": 12, "fields": {"name": "Can view group", "content_type": 3, "codename": "view_group"}}, {"model": "auth.permission", "pk": 13, "fields": {"name": "Can add content type", "content_type": 4, "codename": "add_contenttype"}}, {"model": "auth.permission", "pk": 14, "fields": {"name": "Can change content type", "content_type": 4, "codename": "change_contenttype"}}, {"model": "auth.permission", "pk": 15, "fields": {"name": "Can delete content type", "content_type": 4, "codename": "delete_contenttype"}}, {"model": "auth.permission", "pk": 16, "fields": {"name": "Can view content type", "content_type": 4, "codename": "view_contenttype"}}, {"model": "auth.permission", "pk": 17, "fields": {"name": "Can add session", "content_type": 5, "codename": "add_session"}}, {"model": "auth.permission", "pk": 18, "fields": {"name": "Can change session", "content_type": 5, "codename": "change_session"}}, {"model": "auth.permission", "pk": 19, "fields": {"name": "Can delete session", "content_type": 5, "codename": "delete_session"}}, {"model": "auth.permission", "pk": 20, "fields": {"name": "Can view session", "content_type": 5, "codename": "view_session"}}, {"model": "auth.permission", "pk": 21, "fields": {"name": "Can add Кандидат", "content_type": 6, "codename": "add_candidate"}}, {"model": "auth.permission", "pk": 22, "fields": {"name": "Can change Кандидат", "content_type": 6, "codename": "change_candidate"}}, {"model": "auth.permission", "pk": 23, "fields": {"name": "Can delete Кандидат", "content_type": 6, "codename": "delete_candidate"}}, {"model": "auth.permission", "pk": 24, "fields": {"name": "Can view Кандидат", "content_type": 6, "codename": "view_candidate"}}, {"model": "auth.permission", "pk": 25, "fields": {"name": "Can add Profession", "content_type": 7, "codename": "add_profession"}}, {"model": "auth.permission", "pk": 26, "fields": {"name": "Can change Profession", "content_type": 7, "codename": "change_profession"}}, {"model": "auth.permission", "pk": 27, "fields": {"name": "Can delete Profession", "content_type": 7, "codename": "delete_profession"}}, {"model": "auth.permission", "pk": 28, "fields": {"name": "Can view Profession", "content_type": 7, "codename": "view_profession"}}, {"model": "auth.permission", "pk": 29, "fields": {"name": "Can add Technology", "content_type": 8, "codename": "add_technology"}}, {"model": "auth.permission", "pk": 30, "fields": {"name": "Can change Technology", "content_type": 8, "codename": "change_technology"}}, {"model": "auth.permission", "pk": 31, "fields": {"name": "Can delete Technology", "content_type": 8, "codename": "delete_technology"}}, {"model": "auth.permission", "pk": 32, "fields": {"name": "Can view Technology", "content_type": 8, "codename": "view_technology"}}, {"model": "auth.permission", "pk": 33, "fields": {"name": "Can add Город", "content_type": 9, "codename": "add_town"}}, {"model": "auth.permission", "pk": 34, "fields": {"name": "Can change Город", "content_type": 9, "codename": "change_town"}}, {"model": "auth.permission", "pk": 35, "fields": {"name": "Can delete Город", "content_type": 9, "codename": "delete_town"}}, {"model": "auth.permission", "pk": 36, "fields": {"name": "Can view Город", "content_type": 9, "codename": "view_town"}}, {"model": "auth.permission", "pk": 37, "fields": {"name": "Can add Просмотренный кандидат", "content_type": 10, "codename": "add_view"}}, {"model": "auth.permission", "pk": 38, "fields": {"name": "Can change Просмотренный кандидат", "content_type": 10, "codename": "change_view"}}, {"model": "auth.permission", "pk": 39, "fields": {"name": "Can delete Просмотренный кандидат", "content_type": 10, "codename": "delete_view"}}, {"model": "auth.permission", "pk": 40, "fields": {"name": "Can view Просмотренный кандидат", "content_type": 10, "codename": "view_view"}}, {"model": "auth.permission", "pk": 41, "fields": {"name": "Can add Избранный кандидат", "content_type": 11, "codename": "add_favorite"}}, {"model": "auth.permission", "pk": 42, "fields": {"name": "Can change Избранный кандидат", "content_type": 11, "codename": "change_favorite"}}, {"model": "auth.permission", "pk": 43, "fields": {"name": "Can delete Избранный кандидат", "content_type": 11, "codename": "delete_favorite"}}, {"model": "auth.permission", "pk": 44, "fields": {"name": "Can view Избранный кандидат", "content_type": 11, "codename": "view_favorite"}}, {"model": "auth.permission", "pk": 45, "fields": {"name": "Can add Контакт", "content_type": 12, "codename": "add_contact"}}, {"model": "auth.permission", "pk": 46, "fields": {"name": "Can change Контакт", "content_type": 12, "codename": "change_contact"}}, {"model": "auth.permission", "pk": 47, "fields": {"name": "Can delete Контакт", "content_type": 12, "codename": "delete_contact"}}, {"model": "auth.permission", "pk": 48, "fields": {"name": "Can view Контакт", "content_type": 12, "codename": "view_contact"}}, {"model": "auth.permission", "pk": 49, "fields": {"name": "Can add Формат работы", "content_type": 13, "codename": "add_employment"}}, {"model": "auth.permission", "pk": 50, "fields": {"name": "Can change Формат работы", "content_type": 13, "codename": "change_employment"}}, {"model": "auth.permission", "pk": 51, "fields": {"name": "Can delete Формат работы", "content_type": 13, "codename": "delete_employment"}}, {"model": "auth.permission", "pk": 52, "fields": {"name": "Can view Формат работы", "content_type": 13, "codename": "view_employment"}}, {"model": "auth.permission", "pk": 53, "fields": {"name": "Can add User", "content_type": 14, "codename": "add_user"}}, {"model": "auth.permission", "pk": 54, "fields": {"name": "Can change User", "content_type": 14, "codename": "change_user"}}, {"model": "auth.permission", "pk": 55, "fields": {"name": "Can delete User", "content_type": 14, "codename": "delete_user"}}, {"model": "auth.permission", "pk": 56, "fields": {"name": "Can view User", "content_type": 14, "codename": "view_user"}}, {"model": "contenttypes.contenttype", "pk": 1, "fields": {"app_label": "admin", "model": "logentry"}}, {"model": "contenttypes.contenttype", "pk": 2, "fields": {"app_label": "auth", "model": "permission"}}, {"model": "contenttypes.contenttype", "pk": 3, "fields": {"app_label": "auth", "model": "group"}}, {"model": "contenttypes.contenttype", "pk": 4, "fields": {"app_label": "contenttypes", "model": "contenttype"}}, {"model": "contenttypes.contenttype", "pk": 5, "fields": {"app_label": "sessions", "model": "session"}}, {"model": "contenttypes.contenttype", "pk": 6, "fields": {"app_label": "candidate", "model": "candidate"}}, {"model": "contenttypes.contenttype", "pk": 7, "fields": {"app_label": "candidate", "model": "profession"}}, {"model": "contenttypes.contenttype", "pk": 8, "fields": {"app_label": "candidate", "model": "technology"}}, {"model": "contenttypes.contenttype", "pk": 9, "fields": {"app_label": "candidate", "model": "town"}}, {"model": "contenttypes.contenttype", "pk": 10, "fields": {"app_label": "candidate", "model": "view"}}, {"model": "contenttypes.contenttype", "pk": 11, "fields": {"app_label": "candidate", "model": "favorite"}}, {"model": "contenttypes.contenttype", "pk": 12, "fields": {"app_label": "candidate", "model": "contact"}}, {"model": "contenttypes.contenttype", "pk": 13, "fields": {"app_label": "candidate", "model": "employment"}}, {"model": "contenttypes.contenttype", "pk": 14, "fields": {"app_label": "users", "model": "user"}}, {"model": "sessions.session", "pk": "zccteopdlffll456o61hyhtedlp2lx7a", "fields": {"session_data": ".eJxVjDsOwjAQBe_iGllx_F1K-pzBWns3OIAcKU4qxN1JpBTQvpl5bxFxW0vcGi9xInEVSlx-t4T5yfUA9MB6n2We67pMSR6KPGmTw0z8up3u30HBVvY6jcFb5azvgqLA4JzpiGjEvINgjdKQAUBrg0w5oCfjmSj10JMOicXnC9tMOC4:1qva2Z:asjF39L2cVxsw2BndiKBxpdSxBu2-sBu8tLIpYDmk0M", "expire_date": "2023-11-08T09:19:03.213Z"}}, {"model": "candidate.technology", "pk": 1, "fields": {"name": "JS", "slug": "dinner-exactly"}}, {"model": "candidate.technology", "pk": 2, "fields": {"name": "Css", "slug": "free-once-claim"}}, {"model": "candidate.technology", "pk": 3, "fields": {"name": "Docker", "slug": "admit-blood-people"}}, {"model": "candidate.technology", "pk": 4, "fields": {"name": "Html", "slug": "one-family-cover"}}, {"model": "candidate.technology", "pk": 5, "fields": {"name": "Django", "slug": "fact-from-return"}}, {"model": "candidate.profession", "pk": 1, "fields": {"name": "Applications developer"}}, {"model": "candidate.profession", "pk": 2, "fields": {"name": "Engineer, agricultural"}}, {"model": "candidate.profession", "pk": 3, "fields": {"name": "Advertising account planner"}}, {"model": "candidate.profession", "pk": 4, "fields": {"name": "Therapist, nutritional"}}, {"model": "candidate.profession", "pk": 5, "fields": {"name": "Patent examiner"}}, {"model": "candidate.profession", "pk": 6, "fields": {"name": "Surveyor, hydrographic"}}, {"model": "candidate.profession", "pk": 7, "fields": {"name": "Company secretary"}}, {"model": "candidate.profession", "pk": 8, "fields": {"name": "Producer, television/film/video"}}, {"model": "candidate.profession", "pk": 9, "fields": {"name": "Teacher, early years/pre"}}, {"model": "candidate.profession", "pk": 10, "fields": {"name": "Chemical engineer"}}, {"model": "candidate.profession", "pk": 11, "fields": {"name": "Geochemist"}}, {"model": "candidate.profession", "pk": 12, "fields": {"name": "Retail buyer"}}, {"model": "candidate.profession", "pk": 13, "fields": {"name": "Merchandiser, retail"}}, {"model": "candidate.profession", "pk": 14, "fields": {"name": "Air cabin crew"}}, {"model": "candidate.profession", "pk": 15, "fields": {"name": "Ceramics designer"}}, {"model": "candidate.profession", "pk": 16, "fields": {"name": "Clothing/textile technologist"}}, {"model": "candidate.profession", "pk": 17, "fields": {"name": "Fisheries officer"}}, {"model": "candidate.profession", "pk": 18, "fields": {"name": "Health visitor"}}, {"model": "candidate.profession", "pk": 19, "fields": {"name": "Insurance risk surveyor"}}, {"model": "candidate.profession", "pk": 20, "fields": {"name": "Pharmacologist"}}, {"model": "candidate.profession", "pk": 22, "fields": {"name": "Dance movement psychotherapist"}}, {"model": "candidate.profession", "pk": 23, "fields": {"name": "Chiropodist"}}, {"model": "candidate.profession", "pk": 24, "fields": {"name": "Make"}}, {"model": "candidate.profession", "pk": 25, "fields": {"name": "Film/video editor"}}, {"model": "candidate.profession", "pk": 26, "fields": {"name": "Plant breeder/geneticist"}}, {"model": "candidate.profession", "pk": 27, "fields": {"name": "Architectural technologist"}}, {"model": "candidate.profession", "pk": 28, "fields": {"name": "Engineer, manufacturing systems"}}, {"model": "candidate.profession", "pk": 29, "fields": {"name": "Scientific laboratory technician"}}, {"model": "candidate.profession", "pk": 30, "fields": {"name": "Tourism officer"}}, {"model": "candidate.profession", "pk": 31, "fields": {"name": "Engineer, maintenance (IT)"}}, {"model": "candidate.profession", "pk": 32, "fields": {"name": "Graphic designer"}}, {"model": "candidate.profession", "pk": 33, "fields": {"name": "Physiotherapist"}}, {"model": "candidate.profession", "pk": 34, "fields": {"name": "Computer games developer"}}, {"model": "candidate.profession", "pk": 35, "fields": {"name": "Waste management officer"}}, {"model": "candidate.profession", "pk": 36, "fields": {"name": "Nurse, adult"}}, {"model": "candidate.profession", "pk": 37, "fields": {"name": "Occupational therapist"}}, {"model": "candidate.profession", "pk": 38, "fields": {"name": "Firefighter"}}, {"model": "candidate.profession", "pk": 39, "fields": {"name": "Paediatric nurse"}}, {"model": "candidate.profession", "pk": 40, "fields": {"name": "Farm manager"}}, {"model": "candidate.profession", "pk": 41, "fields": {"name": "Research scientist (medical)"}}, {"model": "candidate.town", "pk": 1, "fields": {"region": null, "city": "Moscow", "district": null}}, {"model": "candidate.town", "pk": 2, "fields": {"region": null, "city": "Saint-Petersburg", "district": null}}, {"model": "candidate.employment", "pk": 1, "fields": {"name": "Гибрид", "slug": "where-great"}}, {"model": "candidate.employment", "pk": 2, "fields": {"name": "Удалёнка", "slug": "generation-speech"}}, {"model": "candidate.employment", "pk": 3, "fields": {"name": "Офис", "slug": "near-detail-company"}}, {"model": "candidate.candidate", "pk": 1, "fields": {"first_name": "Joshua", "last_name": "Baxter", "experience": "Нет опыта", "project": 15, "portfolio": "http://www.cantu.com/", "resume": "", "reviews": "http://www.nguyen.com/", "photo": "", "profession": 1, "grade": "Нет опыта", "town": 1, "created_date": "2023-10-25T09:18:25.354Z", "employment": []}}, {"model": "candidate.candidate", "pk": 2, "fields": {"first_name": "Diane", "last_name": "Crawford", "experience": "Нет опыта", "project": 29, "portfolio": "http://www.thompson.com/", "resume": "", "reviews": "https://deleon.com/", "photo": "", "profession": 2, "grade": "1 - 3 года", "town": 2, "created_date": "2023-10-25T09:18:25.399Z", "employment": []}}, {"model": "candidate.candidate", "pk": 3, "fields": {"first_name": "Jeffrey", "last_name": "Ortiz", "experience": "Нет опыта", "project": 40, "portfolio": "https://gomez.com/", "resume": "", "reviews": "http://wood.com/", "photo": "", "profession": 3, "grade": "3 - 6 лет", "town": 2, "created_date": "2023-10-25T09:18:25.415Z", "employment": []}}, {"model": "candidate.candidate", "pk": 4, "fields": {"first_name": "Ian", "last_name": "Wolf", "experience": "Нет опыта", "project": 33, "portfolio": "http://bradley.net/", "resume": "", "reviews": "https://rogers.biz/", "photo": "", "profession": 4, "grade": "Нет опыта", "town": 1, "created_date": "2023-10-25T09:18:25.431Z", "employment": []}}, {"model": "candidate.candidate", "pk": 5, "fields": {"first_name": "Anthony", "last_name": "Little", "experience": "Нет опыта", "project": 47, "portfolio": "https://www.moss.biz/", "resume": "", "reviews": "https://holland.biz/", "photo": "", "profession": 5, "grade": "3 - 6 лет", "town": 1, "created_date": "2023-10-25T09:18:25.443Z", "employment": []}}, {"model": "candidate.candidate", "pk": 6, "fields": {"first_name": "Thomas", "last_name": "Bartlett", "experience": "Нет опыта", "project": 9, "portfolio": "http://www.soto.com/", "resume": "", "reviews": "http://brewer.com/", "photo": "", "profession": 6, "grade": "Нет опыта", "town": 1, "created_date": "2023-10-25T09:18:25.455Z", "employment": []}}, {"model": "candidate.candidate", "pk": 7, "fields": {"first_name": "Christina", "last_name": "Trujillo", "experience": "Нет опыта", "project": 21, "portfolio": "http://gomez-castillo.biz/", "resume": "", "reviews": "https://www.adams-wright.biz/", "photo": "", "profession": 7, "grade": "1 - 3 года", "town": 2, "created_date": "2023-10-25T09:18:25.468Z", "employment": []}}, {"model": "candidate.candidate", "pk": 8, "fields": {"first_name": "Cynthia", "last_name": "Giles", "experience": "Нет опыта", "project": 42, "portfolio": "http://www.hicks.com/", "resume": "", "reviews": "https://www.short.com/", "photo": "", "profession": 8, "grade": "Нет опыта", "town": 2, "created_date": "2023-10-25T09:18:25.481Z", "employment": []}}, {"model": "candidate.candidate", "pk": 9, "fields": {"first_name": "Deborah", "last_name": "Costa", "experience": "Нет опыта", "project": 27, "portfolio": "https://roberts-nguyen.com/", "resume": "", "reviews": "http://www.berg-harmon.com/", "photo": "", "profession": 9, "grade": "3 - 6 лет", "town": 1, "created_date": "2023-10-25T09:18:25.496Z", "employment": []}}, {"model": "candidate.candidate", "pk": 10, "fields": {"first_name": "William", "last_name": "Ingram", "experience": "Нет опыта", "project": 32, "portfolio": "https://www.johnson-chavez.org/", "resume": "", "reviews": "https://rivera-clark.com/", "photo": "", "profession": 10, "grade": "Нет опыта", "town": 2, "created_date": "2023-10-25T09:18:25.509Z", "employment": []}}, {"model": "candidate.candidate", "pk": 11, "fields": {"first_name": "Lisa", "last_name": "Little", "experience": "Нет опыта", "project": 42, "portfolio": "https://www.smith.net/", "resume": "", "reviews": "http://www.stewart.info/", "photo": "", "profession": 11, "grade": "3 - 6 лет", "town": 2, "created_date": "2023-10-25T09:18:25.521Z", "employment": []}}, {"model": "candidate.candidate", "pk": 12, "fields": {"first_name": "Joe", "last_name": "Alvarez", "experience": "Нет опыта", "project": 11, "portfolio": "http://huff.com/", "resume": "", "reviews": "http://www.anderson.com/", "photo": "", "profession": 12, "grade": "1 - 3 года", "town": 2, "created_date": "2023-10-25T09:18:25.535Z", "employment": []}}, {"model": "candidate.candidate", "pk": 13, "fields": {"first_name": "Travis", "last_name": "Fisher", "experience": "Нет опыта", "project": 17, "portfolio": "https://www.lewis.info/", "resume": "", "reviews": "https://steele.com/", "photo": "", "profession": 13, "grade": "Нет опыта", "town": 1, "created_date": "2023-10-25T09:18:25.547Z", "employment": []}}, {"model": "candidate.candidate", "pk": 14, "fields": {"first_name": "Erin", "last_name": "Garcia", "experience": "Нет опыта", "project": 2, "portfolio": "http://washington.biz/", "resume": "", "reviews": "https://graham.com/", "photo": "", "profession": 14, "grade": "1 - 3 года", "town": 1, "created_date": "2023-10-25T09:18:25.559Z", "employment": []}}, {"model": "candidate.candidate", "pk": 15, "fields": {"first_name": "Valerie", "last_name": "Stewart", "experience": "Нет опыта", "project": 31, "portfolio": "https://farmer.biz/", "resume": "", "reviews": "http://gonzalez.com/", "photo": "", "profession": 15, "grade": "3 - 6 лет", "town": 2, "created_date": "2023-10-25T09:18:25.571Z", "employment": []}}, {"model": "candidate.candidate", "pk": 16, "fields": {"first_name": "Amanda", "last_name": "Woodward", "experience": "Нет опыта", "project": 22, "portfolio": "https://kerr.com/", "resume": "", "reviews": "http://www.edwards.com/", "photo": "", "profession": 16, "grade": "3 - 6 лет", "town": 1, "created_date": "2023-10-25T09:18:25.585Z", "employment": []}}, {"model": "candidate.candidate", "pk": 17, "fields": {"first_name": "Frank", "last_name": "Juarez", "experience": "Нет опыта", "project": 18, "portfolio": "https://www.mcbride-fisher.net/", "resume": "", "reviews": "http://www.lowe-peterson.com/", "photo": "", "profession": 17, "grade": "Нет опыта", "town": 2, "created_date": "2023-10-25T09:18:25.599Z", "employment": []}}, {"model": "candidate.candidate", "pk": 18, "fields": {"first_name": "Thomas", "last_name": "Bailey", "experience": "Нет опыта", "project": 29, "portfolio": "https://www.anderson.com/", "resume": "", "reviews": "https://king.com/", "photo": "", "profession": 18, "grade": "Нет опыта", "town": 2, "created_date": "2023-10-25T09:18:25.611Z", "employment": []}}, {"model": "candidate.candidate", "pk": 19, "fields": {"first_name": "Robert", "last_name": "Carey", "experience": "Нет опыта", "project": 31, "portfolio": "https://www.martinez.biz/", "resume": "", "reviews": "https://peterson.org/", "photo": "", "profession": 19, "grade": "1 - 3 года", "town": 2, "created_date": "2023-10-25T09:18:25.623Z", "employment": []}}, {"model": "candidate.candidate", "pk": 20, "fields": {"first_name": "Christine", "last_name": "Kelley", "experience": "Нет опыта", "project": 8, "portfolio": "https://www.martinez-duke.com/", "resume": "", "reviews": "https://schmidt.com/", "photo": "", "profession": 20, "grade": "1 - 3 года", "town": 1, "created_date": "2023-10-25T09:18:25.635Z", "employment": []}}, {"model": "candidate.candidate", "pk": 21, "fields": {"first_name": "Nathan", "last_name": "Smith", "experience": "Нет опыта", "project": 36, "portfolio": "https://www.powell.com/", "resume": "", "reviews": "https://www.morgan.com/", "photo": "", "profession": 22, "grade": "Нет опыта", "town": 2, "created_date": "2023-10-25T09:18:29.963Z", "employment": []}}, {"model": "candidate.candidate", "pk": 22, "fields": {"first_name": "Laura", "last_name": "Smith", "experience": "Нет опыта", "project": 5, "portfolio": "https://cantrell.net/", "resume": "", "reviews": "http://shaw-david.com/", "photo": "", "profession": 23, "grade": "1 - 3 года", "town": 1, "created_date": "2023-10-25T09:18:30.005Z", "employment": []}}, {"model": "candidate.candidate", "pk": 23, "fields": {"first_name": "Daniel", "last_name": "Velez", "experience": "Нет опыта", "project": 44, "portfolio": "https://www.swanson.com/", "resume": "", "reviews": "https://morrison.biz/", "photo": "", "profession": 24, "grade": "1 - 3 года", "town": 2, "created_date": "2023-10-25T09:18:30.018Z", "employment": []}}, {"model": "candidate.candidate", "pk": 24, "fields": {"first_name": "Jaclyn", "last_name": "Cisneros", "experience": "Нет опыта", "project": 7, "portfolio": "https://davis.biz/", "resume": "", "reviews": "http://edwards-payne.com/", "photo": "", "profession": 25, "grade": "1 - 3 года", "town": 1, "created_date": "2023-10-25T09:18:30.031Z", "employment": []}}, {"model": "candidate.candidate", "pk": 25, "fields": {"first_name": "Mitchell", "last_name": "Henderson", "experience": "Нет опыта", "project": 1, "portfolio": "http://www.holden.org/", "resume": "", "reviews": "https://dickson-jones.info/", "photo": "", "profession": 26, "grade": "1 - 3 года", "town": 1, "created_date": "2023-10-25T09:18:30.044Z", "employment": []}}, {"model": "candidate.candidate", "pk": 26, "fields": {"first_name": "Matthew", "last_name": "Johnson", "experience": "Нет опыта", "project": 2, "portfolio": "https://bryant-buchanan.com/", "resume": "", "reviews": "http://dennis.com/", "photo": "", "profession": 27, "grade": "3 - 6 лет", "town": 1, "created_date": "2023-10-25T09:18:30.056Z", "employment": []}}, {"model": "candidate.candidate", "pk": 27, "fields": {"first_name": "Theresa", "last_name": "Clarke", "experience": "Нет опыта", "project": 22, "portfolio": "https://lopez-carlson.com/", "resume": "", "reviews": "https://www.fisher.com/", "photo": "", "profession": 28, "grade": "Нет опыта", "town": 1, "created_date": "2023-10-25T09:18:30.068Z", "employment": []}}, {"model": "candidate.candidate", "pk": 28, "fields": {"first_name": "Travis", "last_name": "Williams", "experience": "Нет опыта", "project": 4, "portfolio": "https://smith-martinez.com/", "resume": "", "reviews": "http://rodriguez-burns.com/", "photo": "", "profession": 29, "grade": "3 - 6 лет", "town": 1, "created_date": "2023-10-25T09:18:30.080Z", "employment": []}}, {"model": "candidate.candidate", "pk": 29, "fields": {"first_name": "Derrick", "last_name": "Maldonado", "experience": "Нет опыта", "project": 5, "portfolio": "http://www.novak-jimenez.com/", "resume": "", "reviews": "https://www.soto.org/", "photo": "", "profession": 30, "grade": "1 - 3 года", "town": 2, "created_date": "2023-10-25T09:18:30.093Z", "employment": []}}, {"model": "candidate.candidate", "pk": 30, "fields": {"first_name": "Jermaine", "last_name": "Mahoney", "experience": "Нет опыта", "project": 9, "portfolio": "http://www.johnson.biz/", "resume": "", "reviews": "http://haynes.com/", "photo": "", "profession": 31, "grade": "1 - 3 года", "town": 1, "created_date": "2023-10-25T09:18:30.106Z", "employment": []}}, {"model": "candidate.candidate", "pk": 31, "fields": {"first_name": "Peter", "last_name": "Robinson", "experience": "Нет опыта", "project": 7, "portfolio": "http://cox.com/", "resume": "", "reviews": "http://www.adkins.org/", "photo": "", "profession": 32, "grade": "Нет опыта", "town": 1, "created_date": "2023-10-25T09:18:41.012Z", "employment": []}}, {"model": "candidate.candidate", "pk": 32, "fields": {"first_name": "Denise", "last_name": "Guzman", "experience": "Нет опыта", "project": 36, "portfolio": "https://brown.org/", "resume": "", "reviews": "https://cole-munoz.com/", "photo": "", "profession": 33, "grade": "Нет опыта", "town": 1, "created_date": "2023-10-25T09:18:41.049Z", "employment": []}}, {"model": "candidate.candidate", "pk": 33, "fields": {"first_name": "Christina", "last_name": "Gilbert", "experience": "Нет опыта", "project": 31, "portfolio": "http://french.com/", "resume": "", "reviews": "https://www.ayala.org/", "photo": "", "profession": 34, "grade": "Нет опыта", "town": 2, "created_date": "2023-10-25T09:18:41.063Z", "employment": []}}, {"model": "candidate.candidate", "pk": 34, "fields": {"first_name": "Jeremiah", "last_name": "Cooper", "experience": "Нет опыта", "project": 23, "portfolio": "http://www.yang.com/", "resume": "", "reviews": "http://watkins-miller.com/", "photo": "", "profession": 35, "grade": "1 - 3 года", "town": 1, "created_date": "2023-10-25T09:18:41.077Z", "employment": []}}, {"model": "candidate.candidate", "pk": 35, "fields": {"first_name": "Laura", "last_name": "Montes", "experience": "Нет опыта", "project": 23, "portfolio": "http://www.le-foster.com/", "resume": "", "reviews": "http://brown-pearson.com/", "photo": "", "profession": 36, "grade": "3 - 6 лет", "town": 1, "created_date": "2023-10-25T09:18:41.090Z", "employment": []}}, {"model": "candidate.candidate", "pk": 36, "fields": {"first_name": "Robert", "last_name": "Paul", "experience": "Нет опыта", "project": 45, "portfolio": "https://green.com/", "resume": "", "reviews": "https://gutierrez.org/", "photo": "", "profession": 37, "grade": "Нет опыта", "town": 1, "created_date": "2023-10-25T09:18:41.103Z", "employment": []}}, {"model": "candidate.candidate", "pk": 37, "fields": {"first_name": "Robert", "last_name": "Douglas", "experience": "Нет опыта", "project": 36, "portfolio": "https://www.pace-long.com/", "resume": "", "reviews": "http://www.mccarthy.info/", "photo": "", "profession": 38, "grade": "Нет опыта", "town": 1, "created_date": "2023-10-25T09:18:41.115Z", "employment": []}}, {"model": "candidate.candidate", "pk": 38, "fields": {"first_name": "Robert", "last_name": "Schwartz", "experience": "Нет опыта", "project": 27, "portfolio": "https://www.hubbard.com/", "resume": "", "reviews": "https://www.robinson.net/", "photo": "", "profession": 39, "grade": "1 - 3 года", "town": 1, "created_date": "2023-10-25T09:18:41.127Z", "employment": []}}, {"model": "candidate.candidate", "pk": 39, "fields": {"first_name": "Jamie", "last_name": "Ramos", "experience": "Нет опыта", "project": 14, "portfolio": "https://berger.com/", "resume": "", "reviews": "http://barrett-schultz.com/", "photo": "", "profession": 40, "grade": "Нет опыта", "town": 1, "created_date": "2023-10-25T09:18:41.139Z", "employment": []}}, {"model": "candidate.contact", "pk": 1, "fields": {"candidate": 1, "phone_number": "+7 633 569 8577", "email": "brittany67@example.net", "telegram": "greendean"}}, {"model": "candidate.contact", "pk": 2, "fields": {"candidate": 2, "phone_number": "80186665512", "email": "daniellee@example.com", "telegram": "pamela27"}}, {"model": "candidate.contact", "pk": 3, "fields": {"candidate": 3, "phone_number": "+7 252 840 73 41", "email": "wolfepamela@example.com", "telegram": "shenry"}}, {"model": "candidate.contact", "pk": 4, "fields": {"candidate": 4, "phone_number": "8 150 117 02 62", "email": "juan71@example.net", "telegram": "howardallison"}}, {"model": "candidate.contact", "pk": 5, "fields": {"candidate": 5, "phone_number": "8 (701) 602-19-30", "email": "nsmith@example.com", "telegram": "watsonbrandon"}}, {"model": "candidate.contact", "pk": 6, "fields": {"candidate": 6, "phone_number": "8 (118) 435-7298", "email": "gonzalezdavid@example.org", "telegram": "josephwilliams"}}, {"model": "candidate.contact", "pk": 7, "fields": {"candidate": 7, "phone_number": "+7 (477) 689-11-80", "email": "amydiaz@example.org", "telegram": "psanchez"}}, {"model": "candidate.contact", "pk": 8, "fields": {"candidate": 8, "phone_number": "8 060 167 1155", "email": "samanthasolis@example.org", "telegram": "wgraves"}}, {"model": "candidate.contact", "pk": 9, "fields": {"candidate": 9, "phone_number": "+7 (926) 593-9657", "email": "robinsonanna@example.org", "telegram": "pmartinez"}}, {"model": "candidate.contact", "pk": 10, "fields": {"candidate": 10, "phone_number": "8 561 667 6090", "email": "rodriguezjoel@example.net", "telegram": "stephensonchristina"}}, {"model": "candidate.contact", "pk": 11, "fields": {"candidate": 11, "phone_number": "82459332951", "email": "markcarlson@example.net", "telegram": "richard30"}}, {"model": "candidate.contact", "pk": 12, "fields": {"candidate": 12, "phone_number": "89395684591", "email": "obrientimothy@example.net", "telegram": "baileydanielle"}}, {"model": "candidate.contact", "pk": 13, "fields": {"candidate": 13, "phone_number": "+7 305 814 9476", "email": "johnsontara@example.org", "telegram": "thomasmooney"}}, {"model": "candidate.contact", "pk": 14, "fields": {"candidate": 14, "phone_number": "+7 (466) 113-3894", "email": "lisa62@example.com", "telegram": "aaronbrown"}}, {"model": "candidate.contact", "pk": 15, "fields": {"candidate": 15, "phone_number": "+7 (871) 872-3384", "email": "bfriedman@example.org", "telegram": "alexandervincent"}}, {"model": "candidate.contact", "pk": 16, "fields": {"candidate": 16, "phone_number": "8 (516) 238-13-59", "email": "josephvaldez@example.com", "telegram": "brownbenjamin"}}, {"model": "candidate.contact", "pk": 17, "fields": {"candidate": 17, "phone_number": "8 (142) 653-2422", "email": "loriwebb@example.com", "telegram": "dtucker"}}, {"model": "candidate.contact", "pk": 18, "fields": {"candidate": 18, "phone_number": "+7 777 193 6295", "email": "gdalton@example.net", "telegram": "jamescarr"}}, {"model": "candidate.contact", "pk": 19, "fields": {"candidate": 19, "phone_number": "+7 505 798 29 58", "email": "oscarharris@example.net", "telegram": "thompsonstephen"}}, {"model": "candidate.contact", "pk": 20, "fields": {"candidate": 20, "phone_number": "+7 759 656 32 84", "email": "tcastro@example.net", "telegram": "chelsea89"}}, {"model": "candidate.contact", "pk": 21, "fields": {"candidate": 21, "phone_number": "8 305 435 3531", "email": "yschwartz@example.org", "telegram": "uwarner"}}, {"model": "candidate.contact", "pk": 22, "fields": {"candidate": 22, "phone_number": "8 (327) 559-20-96", "email": "lisa50@example.org", "telegram": "tthomas"}}, {"model": "candidate.contact", "pk": 23, "fields": {"candidate": 23, "phone_number": "+75837202954", "email": "sscott@example.org", "telegram": "jerryfrost"}}, {"model": "candidate.contact", "pk": 24, "fields": {"candidate": 24, "phone_number": "8 (855) 719-6904", "email": "colemanrick@example.com", "telegram": "waynewilson"}}, {"model": "candidate.contact", "pk": 25, "fields": {"candidate": 25, "phone_number": "8 061 898 47 38", "email": "hallchristina@example.org", "telegram": "savannahfernandez"}}, {"model": "candidate.contact", "pk": 26, "fields": {"candidate": 26, "phone_number": "+7 (064) 134-0387", "email": "ujames@example.org", "telegram": "robert32"}}, {"model": "candidate.contact", "pk": 27, "fields": {"candidate": 27, "phone_number": "8 (231) 537-13-50", "email": "vazquezheather@example.org", "telegram": "tjohnson"}}, {"model": "candidate.contact", "pk": 28, "fields": {"candidate": 28, "phone_number": "8 (594) 730-4773", "email": "eboyd@example.net", "telegram": "laraeric"}}, {"model": "candidate.contact", "pk": 29, "fields": {"candidate": 29, "phone_number": "8 (528) 409-2961", "email": "rbenson@example.org", "telegram": "gary06"}}, {"model": "candidate.contact", "pk": 30, "fields": {"candidate": 30, "phone_number": "8 (901) 775-5556", "email": "khamilton@example.org", "telegram": "patricia99"}}, {"model": "candidate.contact", "pk": 31, "fields": {"candidate": 31, "phone_number": "+7 908 269 77 36", "email": "charleswalker@example.com", "telegram": "vanessaford"}}, {"model": "candidate.contact", "pk": 32, "fields": {"candidate": 32, "phone_number": "+76805482224", "email": "parkdavid@example.net", "telegram": "antonio68"}}, {"model": "candidate.contact", "pk": 33, "fields": {"candidate": 33, "phone_number": "8 (719) 534-6874", "email": "savannahschultz@example.org", "telegram": "stewartkristen"}}, {"model": "candidate.contact", "pk": 34, "fields": {"candidate": 34, "phone_number": "+7 003 477 94 64", "email": "tammy58@example.net", "telegram": "miguelpowell"}}, {"model": "candidate.contact", "pk": 35, "fields": {"candidate": 35, "phone_number": "+7 (750) 070-96-70", "email": "vickie32@example.org", "telegram": "andersonkenneth"}}, {"model": "candidate.contact", "pk": 36, "fields": {"candidate": 36, "phone_number": "8 677 408 16 31", "email": "kent08@example.org", "telegram": "tiffanymendez"}}, {"model": "candidate.contact", "pk": 37, "fields": {"candidate": 37, "phone_number": "8 (169) 613-5070", "email": "turnermichele@example.net", "telegram": "amanda15"}}, {"model": "candidate.contact", "pk": 38, "fields": {"candidate": 38, "phone_number": "+7 (903) 744-30-67", "email": "davidsonbrittany@example.net", "telegram": "teresa01"}}, {"model": "candidate.contact", "pk": 39, "fields": {"candidate": 39, "phone_number": "8 (760) 943-61-30", "email": "davidwilson@example.com", "telegram": "adamfarley"}}, {"model": "users.user", "pk": 1, "fields": {"last_login": "2023-10-25T09:19:03.209Z", "is_superuser": true, "username": "admin", "first_name": "", "last_name": "", "is_staff": true, "is_active": true, "date_joined": "2023-10-25T09:18:38.027Z", "password": "pbkdf2_sha256$600000$KIcv0GOiRGoeuVnSJx9VMm$gqliHoesazkJtzJ7nOB1XCAX5RtT0HW6FHVa798EQbE=", "email": "admin@admin.ru", "groups": [], "user_permissions": []}}]
