[{"model": "auth.permission", "pk": 1, "fields": {"name": "Can add log entry", "content_type": 1, "codename": "add_logentry"}}, {"model": "auth.permission", "pk": 2, "fields": {"name": "Can change log entry", "content_type": 1, "codename": "change_logentry"}}, {"model": "auth.permission", "pk": 3, "fields": {"name": "Can delete log entry", "content_type": 1, "codename": "delete_logentry"}}, {"model": "auth.permission", "pk": 4, "fields": {"name": "Can view log entry", "content_type": 1, "codename": "view_logentry"}}, {"model": "auth.permission", "pk": 5, "fields": {"name": "Can add permission", "content_type": 2, "codename": "add_permission"}}, {"model": "auth.permission", "pk": 6, "fields": {"name": "Can change permission", "content_type": 2, "codename": "change_permission"}}, {"model": "auth.permission", "pk": 7, "fields": {"name": "Can delete permission", "content_type": 2, "codename": "delete_permission"}}, {"model": "auth.permission", "pk": 8, "fields": {"name": "Can view permission", "content_type": 2, "codename": "view_permission"}}, {"model": "auth.permission", "pk": 9, "fields": {"name": "Can add group", "content_type": 3, "codename": "add_group"}}, {"model": "auth.permission", "pk": 10, "fields": {"name": "Can change group", "content_type": 3, "codename": "change_group"}}, {"model": "auth.permission", "pk": 11, "fields": {"name": "Can delete group", "content_type": 3, "codename": "delete_group"}}, {"model": "auth.permission", "pk": 12, "fields": {"name": "Can view group", "content_type": 3, "codename": "view_group"}}, {"model": "auth.permission", "pk": 13, "fields": {"name": "Can add content type", "content_type": 4, "codename": "add_contenttype"}}, {"model": "auth.permission", "pk": 14, "fields": {"name": "Can change content type", "content_type": 4, "codename": "change_contenttype"}}, {"model": "auth.permission", "pk": 15, "fields": {"name": "Can delete content type", "content_type": 4, "codename": "delete_contenttype"}}, {"model": "auth.permission", "pk": 16, "fields": {"name": "Can view content type", "content_type": 4, "codename": "view_contenttype"}}, {"model": "auth.permission", "pk": 17, "fields": {"name": "Can add session", "content_type": 5, "codename": "add_session"}}, {"model": "auth.permission", "pk": 18, "fields": {"name": "Can change session", "content_type": 5, "codename": "change_session"}}, {"model": "auth.permission", "pk": 19, "fields": {"name": "Can delete session", "content_type": 5, "codename": "delete_session"}}, {"model": "auth.permission", "pk": 20, "fields": {"name": "Can view session", "content_type": 5, "codename": "view_session"}}, {"model": "auth.permission", "pk": 21, "fields": {"name": "Can add Кандидат", "content_type": 6, "codename": "add_candidate"}}, {"model": "auth.permission", "pk": 22, "fields": {"name": "Can change Кандидат", "content_type": 6, "codename": "change_candidate"}}, {"model": "auth.permission", "pk": 23, "fields": {"name": "Can delete Кандидат", "content_type": 6, "codename": "delete_candidate"}}, {"model": "auth.permission", "pk": 24, "fields": {"name": "Can view Кандидат", "content_type": 6, "codename": "view_candidate"}}, {"model": "auth.permission", "pk": 25, "fields": {"name": "Can add Profession", "content_type": 7, "codename": "add_profession"}}, {"model": "auth.permission", "pk": 26, "fields": {"name": "Can change Profession", "content_type": 7, "codename": "change_profession"}}, {"model": "auth.permission", "pk": 27, "fields": {"name": "Can delete Profession", "content_type": 7, "codename": "delete_profession"}}, {"model": "auth.permission", "pk": 28, "fields": {"name": "Can view Profession", "content_type": 7, "codename": "view_profession"}}, {"model": "auth.permission", "pk": 29, "fields": {"name": "Can add Technology", "content_type": 8, "codename": "add_technology"}}, {"model": "auth.permission", "pk": 30, "fields": {"name": "Can change Technology", "content_type": 8, "codename": "change_technology"}}, {"model": "auth.permission", "pk": 31, "fields": {"name": "Can delete Technology", "content_type": 8, "codename": "delete_technology"}}, {"model": "auth.permission", "pk": 32, "fields": {"name": "Can view Technology", "content_type": 8, "codename": "view_technology"}}, {"model": "auth.permission", "pk": 33, "fields": {"name": "Can add Город", "content_type": 9, "codename": "add_town"}}, {"model": "auth.permission", "pk": 34, "fields": {"name": "Can change Город", "content_type": 9, "codename": "change_town"}}, {"model": "auth.permission", "pk": 35, "fields": {"name": "Can delete Город", "content_type": 9, "codename": "delete_town"}}, {"model": "auth.permission", "pk": 36, "fields": {"name": "Can view Город", "content_type": 9, "codename": "view_town"}}, {"model": "auth.permission", "pk": 37, "fields": {"name": "Can add Просмотренный кандидат", "content_type": 10, "codename": "add_view"}}, {"model": "auth.permission", "pk": 38, "fields": {"name": "Can change Просмотренный кандидат", "content_type": 10, "codename": "change_view"}}, {"model": "auth.permission", "pk": 39, "fields": {"name": "Can delete Просмотренный кандидат", "content_type": 10, "codename": "delete_view"}}, {"model": "auth.permission", "pk": 40, "fields": {"name": "Can view Просмотренный кандидат", "content_type": 10, "codename": "view_view"}}, {"model": "auth.permission", "pk": 41, "fields": {"name": "Can add Избранный кандидат", "content_type": 11, "codename": "add_favorite"}}, {"model": "auth.permission", "pk": 42, "fields": {"name": "Can change Избранный кандидат", "content_type": 11, "codename": "change_favorite"}}, {"model": "auth.permission", "pk": 43, "fields": {"name": "Can delete Избранный кандидат", "content_type": 11, "codename": "delete_favorite"}}, {"model": "auth.permission", "pk": 44, "fields": {"name": "Can view Избранный кандидат", "content_type": 11, "codename": "view_favorite"}}, {"model": "auth.permission", "pk": 45, "fields": {"name": "Can add Контакт", "content_type": 12, "codename": "add_contact"}}, {"model": "auth.permission", "pk": 46, "fields": {"name": "Can change Контакт", "content_type": 12, "codename": "change_contact"}}, {"model": "auth.permission", "pk": 47, "fields": {"name": "Can delete Контакт", "content_type": 12, "codename": "delete_contact"}}, {"model": "auth.permission", "pk": 48, "fields": {"name": "Can view Контакт", "content_type": 12, "codename": "view_contact"}}, {"model": "auth.permission", "pk": 49, "fields": {"name": "Can add Формат работы", "content_type": 13, "codename": "add_employment"}}, {"model": "auth.permission", "pk": 50, "fields": {"name": "Can change Формат работы", "content_type": 13, "codename": "change_employment"}}, {"model": "auth.permission", "pk": 51, "fields": {"name": "Can delete Формат работы", "content_type": 13, "codename": "delete_employment"}}, {"model": "auth.permission", "pk": 52, "fields": {"name": "Can view Формат работы", "content_type": 13, "codename": "view_employment"}}, {"model": "auth.permission", "pk": 53, "fields": {"name": "Can add Рекрутер", "content_type": 14, "codename": "add_user"}}, {"model": "auth.permission", "pk": 54, "fields": {"name": "Can change Рекрутер", "content_type": 14, "codename": "change_user"}}, {"model": "auth.permission", "pk": 55, "fields": {"name": "Can delete Рекрутер", "content_type": 14, "codename": "delete_user"}}, {"model": "auth.permission", "pk": 56, "fields": {"name": "Can view Рекрутер", "content_type": 14, "codename": "view_user"}}, {"model": "auth.permission", "pk": 57, "fields": {"name": "Can add Вакансия", "content_type": 15, "codename": "add_vacancy"}}, {"model": "auth.permission", "pk": 58, "fields": {"name": "Can change Вакансия", "content_type": 15, "codename": "change_vacancy"}}, {"model": "auth.permission", "pk": 59, "fields": {"name": "Can delete Вакансия", "content_type": 15, "codename": "delete_vacancy"}}, {"model": "auth.permission", "pk": 60, "fields": {"name": "Can view Вакансия", "content_type": 15, "codename": "view_vacancy"}}, {"model": "contenttypes.contenttype", "pk": 1, "fields": {"app_label": "admin", "model": "logentry"}}, {"model": "contenttypes.contenttype", "pk": 2, "fields": {"app_label": "auth", "model": "permission"}}, {"model": "contenttypes.contenttype", "pk": 3, "fields": {"app_label": "auth", "model": "group"}}, {"model": "contenttypes.contenttype", "pk": 4, "fields": {"app_label": "contenttypes", "model": "contenttype"}}, {"model": "contenttypes.contenttype", "pk": 5, "fields": {"app_label": "sessions", "model": "session"}}, {"model": "contenttypes.contenttype", "pk": 6, "fields": {"app_label": "candidate", "model": "candidate"}}, {"model": "contenttypes.contenttype", "pk": 7, "fields": {"app_label": "candidate", "model": "profession"}}, {"model": "contenttypes.contenttype", "pk": 8, "fields": {"app_label": "candidate", "model": "technology"}}, {"model": "contenttypes.contenttype", "pk": 9, "fields": {"app_label": "candidate", "model": "town"}}, {"model": "contenttypes.contenttype", "pk": 10, "fields": {"app_label": "candidate", "model": "view"}}, {"model": "contenttypes.contenttype", "pk": 11, "fields": {"app_label": "candidate", "model": "favorite"}}, {"model": "contenttypes.contenttype", "pk": 12, "fields": {"app_label": "candidate", "model": "contact"}}, {"model": "contenttypes.contenttype", "pk": 13, "fields": {"app_label": "candidate", "model": "employment"}}, {"model": "contenttypes.contenttype", "pk": 14, "fields": {"app_label": "users", "model": "user"}}, {"model": "contenttypes.contenttype", "pk": 15, "fields": {"app_label": "vacancy", "model": "vacancy"}}, {"model": "sessions.session", "pk": "nzq77ifhdemgirbj8cmt56t1c81a8s2k", "fields": {"session_data": ".eJxVjMsOwiAUBf-FtSEgl4cu3fsNzYELUjU0Ke3K-O_apAvdnpk5LzFgXeqw9jwPI4uz0OLwu0WkR24b4DvabZJpass8RrkpcqddXifOz8vu_h1U9PqtczKaXGCCiWSgmZwl4hxglPe-mEInwPl41HBGMUelXLEBBTZ6KPH-ANwkN-s:1qx650:QfN5KXZrXLrY6YhsidveKTMvNGCso7muUxMPRqjKT2Y", "expire_date": "2023-11-12T13:43:50.828Z"}}, {"model": "candidate.technology", "pk": 1, "fields": {"name": "Django", "slug": "power-go-commercial"}}, {"model": "candidate.technology", "pk": 2, "fields": {"name": "Css", "slug": "particularly"}}, {"model": "candidate.technology", "pk": 3, "fields": {"name": "Html", "slug": "during-end-save-way"}}, {"model": "candidate.technology", "pk": 4, "fields": {"name": "JS", "slug": "increase-ever-end"}}, {"model": "candidate.technology", "pk": 5, "fields": {"name": "Docker", "slug": "me-wall-worker-road"}}, {"model": "candidate.profession", "pk": 1, "fields": {"name": "Дизайнер", "slug": "old-read-hear-fall"}}, {"model": "candidate.profession", "pk": 2, "fields": {"name": "Backend-разработчик", "slug": "speak-push-thank"}}, {"model": "candidate.profession", "pk": 3, "fields": {"name": "Frontend-разработчик", "slug": "north-most-leave"}}, {"model": "candidate.town", "pk": 1, "fields": {"region": null, "city": "Moscow", "district": null}}, {"model": "candidate.town", "pk": 2, "fields": {"region": null, "city": "Saint-Petersburg", "district": null}}, {"model": "candidate.employment", "pk": 1, "fields": {"name": "Офис", "slug": "board-pretty-stuff"}}, {"model": "candidate.employment", "pk": 2, "fields": {"name": "Удалёнка", "slug": "especially-summer"}}, {"model": "candidate.employment", "pk": 3, "fields": {"name": "Гибрид", "slug": "rock-garden-film"}}, {"model": "candidate.candidate", "pk": 1, "fields": {"first_name": "Brent", "last_name": "Weiss", "experience": "no", "project": 28, "portfolio": "https://www.hughes.net/", "resume": "", "reviews": "https://www.ryan-taylor.biz/", "photo": "", "profession": 1, "grade": "3 - 6 лет", "town": 1, "created_date": "2023-10-29T13:45:57.299Z", "technology": [], "employment": []}}, {"model": "candidate.candidate", "pk": 2, "fields": {"first_name": "Susan", "last_name": "Reynolds", "experience": "no", "project": 26, "portfolio": "https://www.jones-acosta.biz/", "resume": "", "reviews": "http://www.becker.org/", "photo": "", "profession": 1, "grade": "Нет опыта", "town": 1, "created_date": "2023-10-29T13:45:57.410Z", "technology": [], "employment": []}}, {"model": "candidate.candidate", "pk": 3, "fields": {"first_name": "Benjamin", "last_name": "Jones", "experience": "no", "project": 28, "portfolio": "http://www.hicks-fitzpatrick.info/", "resume": "", "reviews": "http://www.wood-anderson.com/", "photo": "", "profession": 2, "grade": "1 - 3 года", "town": 2, "created_date": "2023-10-29T13:45:57.427Z", "technology": [], "employment": []}}, {"model": "candidate.candidate", "pk": 4, "fields": {"first_name": "Joshua", "last_name": "Williams", "experience": "no", "project": 29, "portfolio": "http://www.jackson.com/", "resume": "", "reviews": "http://www.perry.biz/", "photo": "", "profession": 1, "grade": "3 - 6 лет", "town": 1, "created_date": "2023-10-29T13:45:57.439Z", "technology": [], "employment": []}}, {"model": "candidate.candidate", "pk": 5, "fields": {"first_name": "Brian", "last_name": "Rivera", "experience": "no", "project": 19, "portfolio": "http://nicholson-moore.biz/", "resume": "", "reviews": "https://shaw.com/", "photo": "", "profession": 1, "grade": "1 - 3 года", "town": 1, "created_date": "2023-10-29T13:45:57.456Z", "technology": [], "employment": []}}, {"model": "candidate.candidate", "pk": 6, "fields": {"first_name": "Laura", "last_name": "Rodriguez", "experience": "no", "project": 10, "portfolio": "https://garcia.net/", "resume": "", "reviews": "http://www.smith-hogan.info/", "photo": "", "profession": 3, "grade": "3 - 6 лет", "town": 2, "created_date": "2023-10-29T13:45:57.471Z", "technology": [], "employment": []}}, {"model": "candidate.candidate", "pk": 7, "fields": {"first_name": "Michael", "last_name": "Wilson", "experience": "no", "project": 13, "portfolio": "http://www.hunt.com/", "resume": "", "reviews": "http://www.donovan-jackson.com/", "photo": "", "profession": 3, "grade": "3 - 6 лет", "town": 2, "created_date": "2023-10-29T13:45:57.483Z", "technology": [], "employment": []}}, {"model": "candidate.candidate", "pk": 8, "fields": {"first_name": "Jasmine", "last_name": "Perry", "experience": "no", "project": 22, "portfolio": "http://mason-prince.net/", "resume": "", "reviews": "https://terry-carrillo.com/", "photo": "", "profession": 1, "grade": "Нет опыта", "town": 2, "created_date": "2023-10-29T13:45:57.497Z", "technology": [], "employment": []}}, {"model": "candidate.candidate", "pk": 9, "fields": {"first_name": "David", "last_name": "Banks", "experience": "no", "project": 5, "portfolio": "http://lynn.com/", "resume": "", "reviews": "https://bailey-thomas.net/", "photo": "", "profession": 2, "grade": "Нет опыта", "town": 2, "created_date": "2023-10-29T13:45:57.509Z", "technology": [], "employment": []}}, {"model": "candidate.candidate", "pk": 10, "fields": {"first_name": "Judy", "last_name": "Walker", "experience": "no", "project": 45, "portfolio": "https://www.strickland.com/", "resume": "", "reviews": "https://vargas.org/", "photo": "", "profession": 1, "grade": "1 - 3 года", "town": 2, "created_date": "2023-10-29T13:45:57.519Z", "technology": [], "employment": []}}, {"model": "candidate.candidate", "pk": 11, "fields": {"first_name": "Tina", "last_name": "Yang", "experience": "no", "project": 25, "portfolio": "https://martinez.biz/", "resume": "", "reviews": "https://hayes.org/", "photo": "", "profession": 1, "grade": "Нет опыта", "town": 1, "created_date": "2023-10-29T15:08:20.506Z", "technology": [], "employment": []}}, {"model": "candidate.candidate", "pk": 12, "fields": {"first_name": "Jack", "last_name": "Walker", "experience": "no", "project": 34, "portfolio": "http://valdez.com/", "resume": "", "reviews": "https://www.smith-miles.com/", "photo": "", "profession": 3, "grade": "3 - 6 лет", "town": 1, "created_date": "2023-10-29T15:08:20.603Z", "technology": [], "employment": []}}, {"model": "candidate.candidate", "pk": 13, "fields": {"first_name": "Gary", "last_name": "Middleton", "experience": "no", "project": 46, "portfolio": "http://www.moses.info/", "resume": "", "reviews": "http://www.sawyer.com/", "photo": "", "profession": 3, "grade": "3 - 6 лет", "town": 2, "created_date": "2023-10-29T15:08:20.617Z", "technology": [], "employment": []}}, {"model": "candidate.candidate", "pk": 14, "fields": {"first_name": "Katherine", "last_name": "Freeman", "experience": "no", "project": 33, "portfolio": "https://maxwell.org/", "resume": "", "reviews": "https://www.jenkins-fox.com/", "photo": "", "profession": 3, "grade": "Нет опыта", "town": 2, "created_date": "2023-10-29T15:08:20.631Z", "technology": [], "employment": []}}, {"model": "candidate.candidate", "pk": 15, "fields": {"first_name": "Gwendolyn", "last_name": "Page", "experience": "no", "project": 29, "portfolio": "http://thompson.biz/", "resume": "", "reviews": "http://www.velazquez.com/", "photo": "", "profession": 2, "grade": "3 - 6 лет", "town": 2, "created_date": "2023-10-29T15:08:20.642Z", "technology": [], "employment": []}}, {"model": "candidate.candidate", "pk": 16, "fields": {"first_name": "Paul", "last_name": "Pearson", "experience": "no", "project": 22, "portfolio": "https://barnett.biz/", "resume": "", "reviews": "https://www.martin.com/", "photo": "", "profession": 1, "grade": "3 - 6 лет", "town": 2, "created_date": "2023-10-29T15:08:20.656Z", "technology": [], "employment": []}}, {"model": "candidate.candidate", "pk": 17, "fields": {"first_name": "Stephen", "last_name": "Griffin", "experience": "no", "project": 10, "portfolio": "http://ho.com/", "resume": "", "reviews": "https://www.griffin-patel.com/", "photo": "", "profession": 1, "grade": "1 - 3 года", "town": 2, "created_date": "2023-10-29T15:08:20.670Z", "technology": [], "employment": []}}, {"model": "candidate.candidate", "pk": 18, "fields": {"first_name": "Beth", "last_name": "Martin", "experience": "no", "project": 35, "portfolio": "http://www.alvarez-hutchinson.net/", "resume": "", "reviews": "http://www.knight.com/", "photo": "", "profession": 1, "grade": "3 - 6 лет", "town": 1, "created_date": "2023-10-29T15:08:20.682Z", "technology": [], "employment": []}}, {"model": "candidate.candidate", "pk": 19, "fields": {"first_name": "Melissa", "last_name": "Nunez", "experience": "no", "project": 45, "portfolio": "http://www.gonzalez.com/", "resume": "", "reviews": "http://johnson-alvarez.net/", "photo": "", "profession": 1, "grade": "Нет опыта", "town": 1, "created_date": "2023-10-29T15:08:20.696Z", "technology": [], "employment": []}}, {"model": "candidate.candidate", "pk": 20, "fields": {"first_name": "John", "last_name": "Bridges", "experience": "no", "project": 48, "portfolio": "https://turner.com/", "resume": "", "reviews": "https://www.brennan.info/", "photo": "", "profession": 2, "grade": "Нет опыта", "town": 1, "created_date": "2023-10-29T15:08:20.710Z", "technology": [], "employment": []}}, {"model": "candidate.candidate", "pk": 21, "fields": {"first_name": "Wesley", "last_name": "Rodgers", "experience": "no", "project": 7, "portfolio": "http://king.net/", "resume": "", "reviews": "https://brewer.biz/", "photo": "", "profession": 3, "grade": "1 - 3 года", "town": 1, "created_date": "2023-10-29T15:08:30.311Z", "technology": [], "employment": []}}, {"model": "candidate.candidate", "pk": 22, "fields": {"first_name": "Anna", "last_name": "Cabrera", "experience": "no", "project": 9, "portfolio": "http://www.tran.com/", "resume": "", "reviews": "https://harrington.com/", "photo": "", "profession": 2, "grade": "1 - 3 года", "town": 2, "created_date": "2023-10-29T15:08:30.352Z", "technology": [], "employment": []}}, {"model": "candidate.candidate", "pk": 23, "fields": {"first_name": "Maria", "last_name": "Foster", "experience": "no", "project": 2, "portfolio": "http://www.jones.com/", "resume": "", "reviews": "http://snow.com/", "photo": "", "profession": 3, "grade": "3 - 6 лет", "town": 2, "created_date": "2023-10-29T15:08:30.367Z", "technology": [], "employment": []}}, {"model": "candidate.candidate", "pk": 24, "fields": {"first_name": "Kimberly", "last_name": "Martinez", "experience": "no", "project": 46, "portfolio": "http://fernandez.com/", "resume": "", "reviews": "https://www.brown.biz/", "photo": "", "profession": 3, "grade": "1 - 3 года", "town": 2, "created_date": "2023-10-29T15:08:30.380Z", "technology": [], "employment": []}}, {"model": "candidate.candidate", "pk": 25, "fields": {"first_name": "Juan", "last_name": "Hale", "experience": "no", "project": 38, "portfolio": "https://www.obrien.com/", "resume": "", "reviews": "http://velasquez.com/", "photo": "", "profession": 1, "grade": "Нет опыта", "town": 1, "created_date": "2023-10-29T15:08:30.395Z", "technology": [], "employment": []}}, {"model": "candidate.candidate", "pk": 26, "fields": {"first_name": "Connie", "last_name": "Salinas", "experience": "no", "project": 27, "portfolio": "http://williams.com/", "resume": "", "reviews": "https://roberts.com/", "photo": "", "profession": 2, "grade": "Нет опыта", "town": 2, "created_date": "2023-10-29T15:08:30.411Z", "technology": [], "employment": []}}, {"model": "candidate.candidate", "pk": 27, "fields": {"first_name": "Victoria", "last_name": "Taylor", "experience": "no", "project": 8, "portfolio": "https://maldonado.com/", "resume": "", "reviews": "https://www.thornton.biz/", "photo": "", "profession": 1, "grade": "1 - 3 года", "town": 1, "created_date": "2023-10-29T15:08:30.427Z", "technology": [], "employment": []}}, {"model": "candidate.candidate", "pk": 28, "fields": {"first_name": "Alexander", "last_name": "Murray", "experience": "no", "project": 36, "portfolio": "http://www.ramirez-sullivan.biz/", "resume": "", "reviews": "http://www.reid.com/", "photo": "", "profession": 1, "grade": "3 - 6 лет", "town": 1, "created_date": "2023-10-29T15:08:30.439Z", "technology": [], "employment": []}}, {"model": "candidate.candidate", "pk": 29, "fields": {"first_name": "Kristina", "last_name": "Morton", "experience": "no", "project": 39, "portfolio": "http://www.glover.com/", "resume": "", "reviews": "https://www.wright.net/", "photo": "", "profession": 3, "grade": "3 - 6 лет", "town": 2, "created_date": "2023-10-29T15:08:30.455Z", "technology": [], "employment": []}}, {"model": "candidate.candidate", "pk": 30, "fields": {"first_name": "Kristina", "last_name": "Ruiz", "experience": "no", "project": 13, "portfolio": "https://paul-brown.com/", "resume": "", "reviews": "http://king.com/", "photo": "", "profession": 1, "grade": "1 - 3 года", "town": 2, "created_date": "2023-10-29T15:08:30.469Z", "technology": [], "employment": []}}, {"model": "candidate.candidate", "pk": 31, "fields": {"first_name": "Mary", "last_name": "Strong", "experience": "no", "project": 50, "portfolio": "https://www.hooper-perez.com/", "resume": "", "reviews": "https://nielsen-white.com/", "photo": "", "profession": 2, "grade": "Нет опыта", "town": 1, "created_date": "2023-10-29T15:18:32.325Z", "technology": [], "employment": []}}, {"model": "candidate.contact", "pk": 1, "fields": {"candidate": 1, "phone_number": "+7 604 209 1331", "email": "heather53@example.net", "telegram": "jenniferbaker"}}, {"model": "candidate.contact", "pk": 2, "fields": {"candidate": 2, "phone_number": "+7 (564) 238-2398", "email": "gibsonbethany@example.org", "telegram": "kevin84"}}, {"model": "candidate.contact", "pk": 3, "fields": {"candidate": 3, "phone_number": "84464058344", "email": "chelseaelliott@example.com", "telegram": "michael88"}}, {"model": "candidate.contact", "pk": 4, "fields": {"candidate": 4, "phone_number": "+7 (329) 857-32-62", "email": "meredith90@example.net", "telegram": "brenda34"}}, {"model": "candidate.contact", "pk": 5, "fields": {"candidate": 5, "phone_number": "8 (575) 773-2834", "email": "steven33@example.net", "telegram": "kroberts"}}, {"model": "candidate.contact", "pk": 6, "fields": {"candidate": 6, "phone_number": "8 (492) 359-29-41", "email": "seancochran@example.net", "telegram": "ppeterson"}}, {"model": "candidate.contact", "pk": 7, "fields": {"candidate": 7, "phone_number": "+7 487 456 59 38", "email": "yfrost@example.org", "telegram": "sara75"}}, {"model": "candidate.contact", "pk": 8, "fields": {"candidate": 8, "phone_number": "+7 691 608 5120", "email": "gabrielrodriguez@example.net", "telegram": "valeriesmith"}}, {"model": "candidate.contact", "pk": 9, "fields": {"candidate": 9, "phone_number": "8 057 974 2228", "email": "ewarner@example.org", "telegram": "ksalas"}}, {"model": "candidate.contact", "pk": 10, "fields": {"candidate": 10, "phone_number": "+7 (743) 950-65-03", "email": "zmoore@example.net", "telegram": "aliciarowland"}}, {"model": "candidate.contact", "pk": 11, "fields": {"candidate": 11, "phone_number": "+7 243 042 9317", "email": "inelson@example.com", "telegram": "smithjessica"}}, {"model": "candidate.contact", "pk": 12, "fields": {"candidate": 12, "phone_number": "+70434965751", "email": "cookjason@example.org", "telegram": "christopher20"}}, {"model": "candidate.contact", "pk": 13, "fields": {"candidate": 13, "phone_number": "82115467596", "email": "rsmith@example.org", "telegram": "jessicamitchell"}}, {"model": "candidate.contact", "pk": 14, "fields": {"candidate": 14, "phone_number": "+7 (021) 621-85-79", "email": "daviddaniels@example.org", "telegram": "rochaalan"}}, {"model": "candidate.contact", "pk": 15, "fields": {"candidate": 15, "phone_number": "+7 174 322 16 88", "email": "nbullock@example.org", "telegram": "mitchell89"}}, {"model": "candidate.contact", "pk": 16, "fields": {"candidate": 16, "phone_number": "8 471 285 1467", "email": "floresstephanie@example.org", "telegram": "trevor03"}}, {"model": "candidate.contact", "pk": 17, "fields": {"candidate": 17, "phone_number": "+7 (976) 358-34-50", "email": "vgeorge@example.org", "telegram": "cohenaaron"}}, {"model": "candidate.contact", "pk": 18, "fields": {"candidate": 18, "phone_number": "89794810051", "email": "dvalenzuela@example.net", "telegram": "rebecca65"}}, {"model": "candidate.contact", "pk": 19, "fields": {"candidate": 19, "phone_number": "8 (437) 280-0970", "email": "matthew84@example.net", "telegram": "mendezmark"}}, {"model": "candidate.contact", "pk": 20, "fields": {"candidate": 20, "phone_number": "8 (345) 344-45-23", "email": "spencercampbell@example.org", "telegram": "vanessajohnson"}}, {"model": "candidate.contact", "pk": 21, "fields": {"candidate": 21, "phone_number": "+7 926 901 8420", "email": "ycardenas@example.net", "telegram": "brandon25"}}, {"model": "candidate.contact", "pk": 22, "fields": {"candidate": 22, "phone_number": "89524765926", "email": "jacobsoncheryl@example.org", "telegram": "mcclureana"}}, {"model": "candidate.contact", "pk": 23, "fields": {"candidate": 23, "phone_number": "+7 (548) 411-4902", "email": "aaronphillips@example.net", "telegram": "neil50"}}, {"model": "candidate.contact", "pk": 24, "fields": {"candidate": 24, "phone_number": "+7 (069) 308-55-85", "email": "hicksmark@example.net", "telegram": "chambersjacqueline"}}, {"model": "candidate.contact", "pk": 25, "fields": {"candidate": 25, "phone_number": "+7 (454) 151-2345", "email": "kathleen13@example.org", "telegram": "lori25"}}, {"model": "candidate.contact", "pk": 26, "fields": {"candidate": 26, "phone_number": "8 (486) 040-58-83", "email": "zwalker@example.com", "telegram": "opeterson"}}, {"model": "candidate.contact", "pk": 27, "fields": {"candidate": 27, "phone_number": "8 679 117 90 34", "email": "taylor67@example.com", "telegram": "lewiskarina"}}, {"model": "candidate.contact", "pk": 28, "fields": {"candidate": 28, "phone_number": "8 620 061 6484", "email": "lori19@example.com", "telegram": "petersonkimberly"}}, {"model": "candidate.contact", "pk": 29, "fields": {"candidate": 29, "phone_number": "+7 (382) 879-2840", "email": "fergusonrichard@example.net", "telegram": "pballard"}}, {"model": "candidate.contact", "pk": 30, "fields": {"candidate": 30, "phone_number": "+75784826336", "email": "lauraduffy@example.org", "telegram": "dmitchell"}}, {"model": "candidate.contact", "pk": 31, "fields": {"candidate": 31, "phone_number": "+70237172093", "email": "brandon19@example.net", "telegram": "adamperez"}}, {"model": "users.user", "pk": 1, "fields": {"last_login": "2023-10-29T13:43:50.818Z", "is_superuser": true, "username": "admin", "first_name": "", "last_name": "", "is_staff": true, "is_active": true, "date_joined": "2023-10-29T13:41:52.563Z", "password": "pbkdf2_sha256$600000$g85amUCtCGkZqrpJpkTXA4$mp2LKmmpjvxKrO1snyLZNKWAS52JU1d/wfY89E3/f70=", "email": "admin@admin.ru", "groups": [], "user_permissions": []}}]